temp,k,A,kappa,rho_l_pred,rho_g_pred,rho_l_calc,rho_g_calc,p_l,p_g,delta_p,radius,sigma,interface,spurious_current
0.8,0.18320999999999998,-0.29867199063301086,-1.0,6.7644704,0.838834226,6.76447,0.83883417,0.28752127,0.2875212,5.9604645e-08,29.98727026703007,1.7873805920499605e-06,5.388845528059203,0.06541734
0.8,0.18320999999999998,-0.29867199063301086,-1.0,6.7644704,0.838834226,6.8199406,0.87864465,0.3524865,0.2965483,0.055938184,28.499061564079824,1.5941857570462574,4.113992574908565,0.0058629126
0.8,0.18320999999999998,-0.29867199063301086,-0.5,6.7644704,0.838834226,6.76447,0.83883417,0.28752127,0.2875212,5.9604645e-08,29.9869511838189,1.7873615732085049e-06,5.389357718563577,0.06441374
0.8,0.18320999999999998,-0.29867199063301086,-0.5,6.7644704,0.838834226,6.8081937,0.8855131,0.33831316,0.29806492,0.040248245,28.2703128129034,1.1378304763441005,4.2554464858579415,0.003972539
0.8,0.18320999999999998,-0.29867199063301086,0.0,6.7644704,0.838834226,6.76447,0.83883417,0.28752127,0.2875212,5.9604645e-08,29.986631930863528,1.7873425442495065e-06,5.3898700647503865,0.0634106
0.8,0.18320999999999998,-0.29867199063301086,0.0,6.7644704,0.838834226,6.7968106,0.89319724,0.3247942,0.29974744,0.025046766,27.97073223175197,0.7005763795832189,4.291747937575426,0.0020836417
0.8,0.18320999999999998,-0.29867199063301086,0.5,6.7644704,0.838834226,6.76447,0.83883417,0.28752127,0.2875212,5.9604645e-08,29.986311969192975,1.7873234730477914e-06,5.390380694783225,0.062407974
0.8,0.18320999999999998,-0.29867199063301086,0.5,6.7644704,0.838834226,6.785695,0.9015552,0.3117944,0.30156052,0.010233879,27.64696708869507,0.28293571837309534,4.291959343460903,0.0003752579
0.8,0.18320999999999998,-0.29867199063301086,1.0,6.7644704,0.838834226,6.76447,0.83883417,0.28752127,0.2875212,5.9604645e-08,29.985991354330064,1.787304362912778e-06,5.390890789691227,0.061431102
0.8,0.18320999999999998,-0.29867199063301086,1.0,6.7644704,0.838834226,6.7747912,0.91064185,0.2992359,0.30351156,-0.00427565,27.129828034679882,0.1159976434305733,4.440814167018509,0.0011153925
0.8,0.16,-0.11569999903440475,0.0,6.7644704,0.838834226,6.76447,0.83883417,0.28752127,0.2875212,5.9604645e-08,29.988756360905917,1.7874691701475332e-06,5.396388205598228,0.061725054
0.8,0.16,-0.11569999903440475,0.0,6.7644704,0.838834226,6.7847557,0.8369767,0.31070563,0.28709015,0.02361548,29.923113168194604,0.7066486646810197,4.379370125888297,0.0016571766
0.8,0.16,-0.07999999821186066,0.5,6.7644704,0.838834226,6.76447,0.83883417,0.28752127,0.2875212,5.9604645e-08,29.98874311943738,1.7874683808945048e-06,5.396962545409188,0.06090588
0.8,0.16,-0.07999999821186066,0.5,6.7644704,0.838834226,6.7727823,0.8341029,0.29694334,0.2864215,0.010521829,29.99435410843076,0.31559546874159317,4.4474059436410265,0.0003476973
0.8,0.16,-0.03200000151991844,1.0,6.7644704,0.838834226,6.76447,0.83883417,0.28752127,0.2875212,5.9604645e-08,29.988839653971255,1.787474134801105e-06,5.397548635394358,0.060128994
0.8,0.16,-0.03200000151991844,1.0,6.7644704,0.838834226,6.760945,0.82709944,0.28355774,0.28478315,-0.0012254119,30.091944213735555,0.03687502629102404,4.458217020993871,0.0009071178
0.8,0.18320999999999998,-0.29867199063301086,0.0,6.7644704,0.838834226,6.76447,0.83883417,0.28752127,0.2875212,5.9604645e-08,29.986631930863528,1.7873425442495065e-06,5.3898700647503865,0.0634106
0.8,0.18320999999999998,-0.29867199063301086,0.0,6.7644704,0.838834226,6.796797,0.8931853,0.32477775,0.29974484,0.025032908,27.989358309009273,0.7006550238140515,4.289572674587216,0.0020896029
0.8,0.18320999999999998,-0.29867199063301086,0.5,6.7644704,0.838834226,6.76447,0.83883417,0.28752127,0.2875212,5.9604645e-08,29.986311969192975,1.7873234730477914e-06,5.390380694783225,0.062407974
0.8,0.18320999999999998,-0.29867199063301086,0.5,6.7644704,0.838834226,6.7856913,0.90153635,0.31179088,0.30155647,0.0102344155,27.656019729924306,0.28304319785396176,4.36610415215333,0.00040459348
0.8,0.18320999999999998,-0.29867199063301086,1.0,6.7644704,0.838834226,6.76447,0.83883417,0.28752127,0.2875212,5.9604645e-08,29.985991354330064,1.787304362912778e-06,5.390890789691227,0.061431102
0.8,0.18320999999999998,-0.29867199063301086,1.0,6.7644704,0.838834226,6.774793,0.9106178,0.2992377,0.30350646,-0.0042687654,27.14176405732617,0.11586182464704428,4.419352486138553,0.0011251199
0.8,0.02,-0.23999999463558197,0.0,6.7644704,0.838834226,6.76447,0.83883417,0.28752127,0.2875212,5.9604645e-08,29.992548286678467,1.7876951865362207e-06,5.431661290300443,0.05211064
0.8,0.02,-0.23999999463558197,0.0,6.7644704,0.838834226,6.76447,0.83883417,0.28752127,0.2875212,5.9604645e-08,29.992548286678467,1.7876951865362207e-06,5.431661290300443,0.05211064
0.8,0.02,-0.23999999463558197,0.0,6.7644704,0.838834226,6.8380346,0.9014319,0.3747656,0.30153388,0.07323173,26.863368925773308,1.96725089637898,11.942288876888778,5.9172206e-05
0.8,0.02,-0.23999999463558197,0.5,6.7644704,0.838834226,6.76447,0.83883417,0.28752127,0.2875212,5.9604645e-08,29.992255445678197,1.787677731852424e-06,5.432319447753258,0.0516287
0.8,0.02,-0.23999999463558197,0.5,6.7644704,0.838834226,6.811162,0.93812674,0.34187296,0.30928603,0.032586932,25.49835709102226,0.830913233285517,12.5758974389855,1.6361866e-05
0.8,0.02,-0.23999999463558197,1.0,6.7644704,0.838834226,6.76447,0.83883417,0.28752127,0.2875212,5.9604645e-08,29.99196278363864,1.787660287835517e-06,5.432977520145137,0.051234193
0.8,0.02,-0.23999999463558197,1.0,6.7644704,0.838834226,6.783111,0.97790664,0.30880138,0.31730658,-0.008505195,23.881305965049748,0.20311517314456856,13.29163964451098,4.640554e-05
0.8,0.143312649,-0.3724253177642822,0.0,6.7644704,0.838834226,6.76447,0.83883417,0.28752127,0.2875212,5.9604645e-08,29.98756823468782,1.7873983523063553e-06,5.400213222205501,0.059915923
0.8,0.143312649,-0.3724253177642822,0.0,6.7644704,0.838834226,6.8031454,0.908321,0.3322917,0.30301526,0.02927643,27.38614505738598,0.8017685753614708,4.802136909678065,0.001440243
0.8,0.143312649,-0.3724253177642822,0.05,6.7644704,0.838834226,6.76447,0.83883417,0.28752127,0.2875212,5.9604645e-08,29.987535017300324,1.7873963723957732e-06,5.400268565697171,0.059823412
0.8,0.143312649,-0.3724253177642822,0.05,6.7644704,0.838834226,6.801857,0.90942335,0.33076096,0.30325115,0.027509809,27.344864480193273,0.7522519864117767,4.796784262580729,0.0013080364
0.8,0.143312649,-0.3724253177642822,0.5,6.7644704,0.838834226,6.76447,0.83883417,0.28752127,0.2875212,5.9604645e-08,29.987236875423395,1.7873786017551062e-06,5.400766860997095,0.058990847
0.8,0.143312649,-0.3724253177642822,0.5,6.7644704,0.838834226,6.790303,0.9195796,0.3171598,0.3054103,0.011749506,26.927501897683396,0.3163848450230921,4.838704519369195,0.00023219279
0.8,0.143312649,-0.3724253177642822,0.95,6.7644704,0.838834226,6.76447,0.83883417,0.28752127,0.2875212,5.9604645e-08,29.98693814526255,1.7873607960499852e-06,5.4012655361869335,0.05815867
0.8,0.16,-0.11569999903440475,0,6.7644704,0.838834226,6.76447,0.83883417,0.28752127,0.2875212,5.9604645e-08,29.988756360905917,1.7874691701475332e-06,5.396388205598228,0.061725054
0.8,0.16,-0.11569999903440475,0,6.7644704,0.838834226,6.784767,0.8369899,0.3107189,0.2870932,0.023625702,29.90608872921115,0.7065523303096279,4.368696973749369,0.0016218722
0.8,0.16,-0.11569999903440475,0,6.7644704,0.838834226,6.76447,0.83883417,0.28752127,0.2875212,5.9604645e-08,29.988756360905917,1.7874691701475332e-06,5.396388205598228,0.061725054
0.8,0.16,-0.11569999903440475,0,6.7644704,0.838834226,6.76447,0.83883417,0.28752127,0.2875212,5.9604645e-08,29.988756360905917,1.7874691701475332e-06,5.396388205598228,0.061725054
0.8,0.16,-0.11569999903440475,0,6.7644704,0.838834226,6.837917,0.81819355,0.37471682,0.2826816,0.092035204,29.94667186076897,2.756148058981784,4.353250275935345,0.0034225157
0.8,0.16,-0.11569999903440475,0,6.7644704,0.838834226,6.7584467,0.8345537,0.28071305,0.2865265,-0.0058134496,29.90258919484398,0.17383719582768173,4.376430527887305,0.0017495628
0.8,0.16,-0.11569999903440475,0,6.7644704,0.838834226,6.7942867,0.8381647,0.32184225,0.28736594,0.03447631,29.885337059068494,1.0303361453429873,4.356330014503904,0.0016127934
0.8,0.16,-0.11569999903440475,0,6.7644704,0.838834226,6.781247,0.8373375,0.3066432,0.28717393,0.019469261,29.90168196315331,0.5821636555459736,4.368691321064659,0.001614947
0.8,0.16,-0.11569999903440475,0,6.7644704,0.838834226,6.7860217,0.8364819,0.3121772,0.28697518,0.025202036,29.89998112974219,0.753540397958612,4.365905307855684,0.0016183286
0.8,0.16,-0.11569999903440475,0,6.7644704,0.838834226,6.784348,0.8367688,0.31023335,0.28704184,0.023191512,29.90105290529275,0.6934506162326008,4.366796633004995,0.0016196545
0.8,0.16,-0.11569999903440475,0,6.7644704,0.838834226,6.7848816,0.8371328,0.31085142,0.28712642,0.023725003,29.899727087687605,0.709371114976384,4.366215724971365,0.001620852
0.8,0.16,-0.11569999903440475,0,6.7644704,0.838834226,6.7847366,0.8371016,0.31068417,0.28711915,0.023565024,29.900426033795252,0.7046042612078273,4.366612042631164,0.0016198346
0.8,0.16,-0.11569999903440475,0,6.7644704,0.838834226,6.784787,0.8369691,0.31074306,0.2870884,0.02365467,29.901210464648692,0.7073032518860846,4.366874206606877,0.0016194928
0.8,0.16,-0.11569999903440475,0,6.7644704,0.838834226,6.784768,0.83695316,0.3107206,0.2870847,0.023635894,29.90168962236376,0.7067531681332246,4.367036241807721,0.0016199963
0.8,0.16,-0.11569999903440475,0,6.7644704,0.838834226,6.7847686,0.8369952,0.3107216,0.28709447,0.023627132,29.90198249954677,0.7064980928816849,4.367152489854767,0.0016201354
0.8,0.16,-0.11569999903440475,0,6.7644704,0.838834226,6.78477,0.83700603,0.31072235,0.28709695,0.023625404,29.90238848074605,0.7064559977370853,4.367317549893826,0.0016202504
0.8,0.16,-0.11569999903440475,0,6.7644704,0.838834226,6.784771,0.8369936,0.31072286,0.28709406,0.023628801,29.902871257481905,0.7065689974834259,4.367503270178741,0.0016203289
0.8,0.16,-0.11569999903440475,0,6.7644704,0.838834226,6.7847695,0.83698803,0.3107216,0.28709278,0.02362883,29.903327647599376,0.70658067262335,4.367671624433658,0.0016205761
0.8,0.16,-0.11569999903440475,0,6.7644704,0.838834226,6.784769,0.836991,0.3107206,0.2870935,0.023627102,29.903767860221304,0.706539384632596,4.367839958862707,0.0016207952
0.8,0.16,-0.11569999903440475,0,6.7644704,0.838834226,6.7847686,0.836992,0.3107216,0.28709373,0.023627877,29.904217811749195,0.7065731872770488,4.368008669574152,0.0016209468
0.8,0.16,-0.11569999903440475,0,6.7644704,0.838834226,6.784769,0.83699083,0.3107216,0.28709343,0.023628175,29.904688868438818,0.7065932296384677,4.368185765671669,0.0016210359
0.8,0.16,-0.11569999903440475,0,6.7644704,0.838834226,6.7847695,0.83699024,0.3107216,0.2870933,0.023628294,29.90517233341182,0.706608218007929,4.36836484169234,0.0016214048
0.8,0.16,-0.11569999903440475,0,6.7644704,0.838834226,6.784768,0.8369901,0.3107206,0.28709325,0.02362734,29.90563728585627,0.7065906838030047,4.368534739485995,0.0016216456
0.8,0.16,-0.11569999903440475,0,6.7644704,0.838834226,6.784767,0.8369899,0.3107189,0.2870932,0.023625702,29.90608872921115,0.7065523303096279,4.368696973749369,0.0016218722
0.8,0.16,-0.11569999903440475,0,6.7644704,0.838834226,6.76447,0.83883417,0.28752127,0.2875212,5.9604645e-08,29.988756360905917,1.7874691701475332e-06,5.396388205598228,0.061725054
0.8,0.16,-0.11569999903440475,0,6.7644704,0.838834226,6.837917,0.81819355,0.37471682,0.2826816,0.092035204,29.94667186076897,2.756148058981784,4.353250275935345,0.0034225157
0.8,0.16,-0.11569999903440475,0,6.7644704,0.838834226,6.7584467,0.8345537,0.28071305,0.2865265,-0.0058134496,29.90258919484398,0.17383719582768173,4.376430527887305,0.0017495628
0.8,0.16,-0.11569999903440475,0,6.7644704,0.838834226,6.7942867,0.8381647,0.32184225,0.28736594,0.03447631,29.885337059068494,1.0303361453429873,4.356330014503904,0.0016127934
0.8,0.16,-0.11569999903440475,0,6.7644704,0.838834226,6.781247,0.8373375,0.3066432,0.28717393,0.019469261,29.90168196315331,0.5821636555459736,4.368691321064659,0.001614947
0.8,0.16,-0.11569999903440475,0,6.7644704,0.838834226,6.7860217,0.8364819,0.3121772,0.28697518,0.025202036,29.89998112974219,0.753540397958612,4.365905307855684,0.0016183286
0.8,0.16,-0.11569999903440475,0,6.7644704,0.838834226,6.784348,0.8367688,0.31023335,0.28704184,0.023191512,29.90105290529275,0.6934506162326008,4.366796633004995,0.0016196545
0.8,0.16,-0.11569999903440475,0,6.7644704,0.838834226,6.7848816,0.8371328,0.31085142,0.28712642,0.023725003,29.899727087687605,0.709371114976384,4.366215724971365,0.001620852
0.8,0.16,-0.11569999903440475,0,6.7644704,0.838834226,6.7847366,0.8371016,0.31068417,0.28711915,0.023565024,29.900426033795252,0.7046042612078273,4.366612042631164,0.0016198346
0.8,0.16,-0.11569999903440475,0,6.7644704,0.838834226,6.784787,0.8369691,0.31074306,0.2870884,0.02365467,29.901210464648692,0.7073032518860846,4.366874206606877,0.0016194928
0.8,0.16,-0.11569999903440475,0,6.7644704,0.838834226,6.784768,0.83695316,0.3107206,0.2870847,0.023635894,29.90168962236376,0.7067531681332246,4.367036241807721,0.0016199963
0.8,0.16,-0.11569999903440475,0,6.7644704,0.838834226,6.7847686,0.8369952,0.3107216,0.28709447,0.023627132,29.90198249954677,0.7064980928816849,4.367152489854767,0.0016201354
0.8,0.16,-0.11569999903440475,0,6.7644704,0.838834226,6.78477,0.83700603,0.31072235,0.28709695,0.023625404,29.90238848074605,0.7064559977370853,4.367317549893826,0.0016202504
0.8,0.16,-0.11569999903440475,0,6.7644704,0.838834226,6.784771,0.8369936,0.31072286,0.28709406,0.023628801,29.902871257481905,0.7065689974834259,4.367503270178741,0.0016203289
0.8,0.16,-0.11569999903440475,0,6.7644704,0.838834226,6.7847695,0.83698803,0.3107216,0.28709278,0.02362883,29.903327647599376,0.70658067262335,4.367671624433658,0.0016205761
0.8,0.16,-0.11569999903440475,0,6.7644704,0.838834226,6.784769,0.836991,0.3107206,0.2870935,0.023627102,29.903767860221304,0.706539384632596,4.367839958862707,0.0016207952
0.8,0.16,-0.11569999903440475,0,6.7644704,0.838834226,6.7847686,0.836992,0.3107216,0.28709373,0.023627877,29.904217811749195,0.7065731872770488,4.368008669574152,0.0016209468
0.8,0.16,-0.11569999903440475,0,6.7644704,0.838834226,6.784769,0.83699083,0.3107216,0.28709343,0.023628175,29.904688868438818,0.7065932296384677,4.368185765671669,0.0016210359
0.8,0.16,-0.11569999903440475,0,6.7644704,0.838834226,6.7847695,0.83699024,0.3107216,0.2870933,0.023628294,29.90517233341182,0.706608218007929,4.36836484169234,0.0016214048
0.8,0.16,-0.11569999903440475,0,6.7644704,0.838834226,6.784768,0.8369901,0.3107206,0.28709325,0.02362734,29.90563728585627,0.7065906838030047,4.368534739485995,0.0016216456
0.8,0.16,-0.11569999903440475,0,6.7644704,0.838834226,6.784767,0.8369899,0.3107189,0.2870932,0.023625702,29.90608872921115,0.7065523303096279,4.368696973749369,0.0016218722
0.8,0.16,-0.11569999903440475,0,6.7644704,0.838834226,6.784766,0.83698905,0.31071788,0.28709298,0.023624897,29.90654035881708,0.7065389356983147,4.36885555982877,0.0016224307
0.8,0.16,-0.11569999903440475,0,6.7644704,0.838834226,6.7847657,0.8369888,0.3107176,0.28709295,0.023624659,29.906985618455874,0.7065423245304046,4.369008043098596,0.001622753
0.8,0.16,-0.11569999903440475,0,6.7644704,0.838834226,6.784765,0.8369882,0.3107166,0.28709283,0.023623765,29.90742833112029,0.7065260441413251,4.369155280285739,0.0016233021
0.8,0.16,-0.11569999903440475,0,6.7644704,0.838834226,6.784765,0.8369878,0.3107171,0.28709272,0.02362439,29.90787265401213,0.7065552585260086,4.369299224511895,0.0016240652
0.8,0.16,-0.11569999903440475,0,6.7644704,0.838834226,6.784765,0.8369875,0.3107166,0.2870927,0.023623914,29.90833405418207,0.7065518974187203,4.3694425968233475,0.0016242716
0.8,0.16,-0.11569999903440475,0,6.7644704,0.838834226,6.784764,0.8369869,0.3107144,0.28709254,0.023621857,29.90878822570048,0.7065011234843214,4.369578762224542,0.0016248816
0.8,0.16,-0.11569999903440475,0,6.7644704,0.838834226,6.784764,0.83698666,0.3107144,0.28709245,0.023621947,29.909247711082095,0.7065146514775038,4.369709742715713,0.0016254571
0.8,0.16,-0.11569999903440475,0,6.7644704,0.838834226,6.784764,0.8369862,0.3107144,0.28709236,0.023622036,29.90974092733468,0.7065289763446965,4.369843149213924,0.0016262078
0.8,0.16,-0.11569999903440475,0,6.7644704,0.838834226,6.784763,0.8369856,0.3107131,0.2870922,0.023620903,29.91022321867858,0.706506496071803,4.369961911350924,0.0016266905
0.8,0.16,-0.11569999903440475,0,6.7644704,0.838834226,6.7847633,0.83698535,0.3107149,0.28709218,0.023622721,29.910683084010515,0.7065717343834544,4.370062574931396,0.0016275537
0.8,0.16,-0.11569999903440475,0,6.7644704,0.838834226,6.7847624,0.836985,0.31071413,0.2870921,0.023622036,29.911158906391837,0.7065624718970037,4.370156070312142,0.001628112
0.8,0.16,-0.11569999903440475,0,6.7644704,0.838834226,6.7847605,0.83698463,0.3107109,0.287092,0.023618907,29.91164303369586,0.7064803071445707,4.370236931560196,0.0016289343
0.8,0.16,-0.11569999903440475,0,6.7644704,0.838834226,6.7847605,0.83698404,0.3107109,0.28709185,0.023619056,29.91212304027743,0.7064961016289243,4.370304209871108,0.0016294165
0.8,0.16,-0.11569999903440475,0,6.7644704,0.838834226,6.7847614,0.836984,0.31071192,0.28709185,0.023620069,29.912589301483276,0.7065374240757519,4.370348480627396,0.0016304043
0.8,0.16,-0.11569999903440475,0,6.7644704,0.838834226,6.7847614,0.8369832,0.3107131,0.28709167,0.02362144,29.913079815978826,0.7065900181074166,4.370384634102702,0.0016311447
0.8,0.16,-0.11569999903440475,0,6.7644704,0.838834226,6.7847633,0.83698297,0.3107144,0.2870916,0.023622781,29.91356429788492,0.7066415794835742,4.370398432612742,0.0016326847
0.8,0.16,-0.11569999903440475,0,6.7644704,0.838834226,6.7847605,0.8369825,0.31071135,0.2870915,0.02361986,29.91406051731263,0.7065659337358666,4.370392593747681,0.0016346079
0.8,0.16,-0.11569999903440475,0,6.7644704,0.838834226,6.7847595,0.836982,0.3107109,0.2870914,0.023619503,29.91457082576257,0.7065672888660145,4.370365959572997,0.0016364134
0.8,0.16,-0.11569999903440475,0,6.7644704,0.838834226,6.7847605,0.83698153,0.31071135,0.28709126,0.023620099,29.91508338531693,0.7065972260470211,4.3703107964559855,0.0016383483
0.8,0.16,-0.11569999903440475,0,6.7644704,0.838834226,6.78476,0.8369813,0.31071013,0.2870912,0.023618937,29.9155984913192,0.7065746222835867,4.370223478333919,0.0016404664
0.8,0.16,-0.11569999903440475,0,6.7644704,0.838834226,6.78476,0.83698094,0.31071013,0.28709114,0.023618996,29.916311260697487,0.7065932402894048,4.370112020627609,0.0016424578
0.8,0.16,-0.11569999903440475,0,6.7644704,0.838834226,6.7847595,0.8369805,0.31071013,0.28709105,0.023619086,29.917071615172638,0.7066138738934605,4.36996805821698,0.0016445109
0.8,0.16,-0.11569999903440475,0,6.7644704,0.838834226,6.78476,0.83698,0.31071013,0.2870909,0.023619235,29.917840075855693,0.7066364823376511,4.3708363030476,0.0016465349
0.8,0.02,-0.23999999463558197,0.0,6.7644704,0.838834226,6.76447,0.83883417,0.28752127,0.2875212,5.9604645e-08,29.992548286678467,1.7876951865362207e-06,5.431661290300443,0.05211064
0.8,0.02,-0.23999999463558197,0.0,6.7644704,0.838834226,6.8053083,0.84853375,0.3349151,0.28975785,0.045157254,28.60923523757888,1.2919144949941543,12.383731108551824,0.004874538
0.8,0.02,-0.23999999463558197,0.0,6.7644704,0.838834226,6.8231735,0.88109106,0.35643032,0.29708984,0.059340477,27.658012641934324,1.6412396627608103,11.99095375489702,0.004810544
0.8,0.02,-0.23999999463558197,0.0,6.7644704,0.838834226,6.833129,0.9114558,0.36867705,0.30368534,0.06499171,26.821389631874144,1.74316804568785,11.91796350173356,0.0025751328
0.8,0.02,-0.23999999463558197,0.0,6.7644704,0.838834226,6.839158,0.91073346,0.37617117,0.30353114,0.07264003,26.547870533125185,1.9284381538059312,12.032154689469195,0.0005854476
0.8,0.02,-0.23999999463558197,0.0,6.7644704,0.838834226,6.8393493,0.9025203,0.37640908,0.30176872,0.07464036,26.685734401519184,1.9918329147881513,11.985012898354558,0.00046731028
0.8,0.02,-0.23999999463558197,0.0,6.7644704,0.838834226,6.839212,0.9084985,0.3762364,0.30305326,0.07318315,26.77275647805131,1.959314629133817,11.98046430087259,0.00054158294
0.8,0.02,-0.23999999463558197,0.0,6.7644704,0.838834226,6.838587,0.8972133,0.3754562,0.30062085,0.07483536,26.88098432284697,2.011648140304073,11.94007132925493,0.00020381679
0.8,0.02,-0.23999999463558197,0.0,6.7644704,0.838834226,6.8377466,0.9021098,0.37441146,0.3016802,0.07273126,26.88249494247866,1.955197634617737,11.941115744504941,0.00015642104
0.8,0.02,-0.23999999463558197,0.0,6.7644704,0.838834226,6.838093,0.9006056,0.3748425,0.30135542,0.07348707,26.87800435645044,1.9751858731570706,11.942081686920712,0.0001463757
0.8,0.02,-0.23999999463558197,0.0,6.7644704,0.838834226,6.8378224,0.90079033,0.37450305,0.30139533,0.07310772,26.865176866829724,1.9640518125861166,11.93992153572826,0.00010903401
0.8,0.02,-0.23999999463558197,0.0,6.7644704,0.838834226,6.8380604,0.9021709,0.3748012,0.30169338,0.07310781,26.854020848833134,1.9632386224891223,11.943418828016672,5.662483e-05
0.8,0.02,-0.23999999463558197,0.0,6.7644704,0.838834226,6.8380594,0.9008169,0.37479898,0.30140108,0.073397905,26.859132383285758,1.9714040372331663,11.940977956026455,5.7597204e-05
0.8,0.02,-0.23999999463558197,0.0,6.7644704,0.838834226,6.8380346,0.901908,0.37476882,0.3016367,0.07313213,26.856298692499077,1.9640582607869606,11.942713072055277,5.7371868e-05
0.8,0.02,-0.23999999463558197,0.0,6.7644704,0.838834226,6.8380914,0.90111244,0.37483934,0.30146492,0.07337442,26.861473976779365,1.9709450842549783,11.941865714560844,5.7338937e-05
0.8,0.02,-0.23999999463558197,0.0,6.7644704,0.838834226,6.8380184,0.9014585,0.37474918,0.30153966,0.073209524,26.861134044505075,1.9664908416528373,11.941906022538817,5.791479e-05
0.8,0.02,-0.23999999463558197,0.0,6.7644704,0.838834226,6.838057,0.90139675,0.3747962,0.3015263,0.0732699,26.861909614658313,1.968169529584822,11.942235287404866,5.7682802e-05
0.8,0.02,-0.23999999463558197,0.0,6.7644704,0.838834226,6.838029,0.90126663,0.3747616,0.3014982,0.07326341,26.862778777488767,1.9680586881055226,11.941757771277974,5.8128728e-05
0.8,0.02,-0.23999999463558197,0.0,6.7644704,0.838834226,6.838035,0.9014871,0.37476933,0.30154583,0.0732235,26.862218432563527,1.9669456901821765,11.94223151390241,5.8340564e-05
0.8,0.02,-0.23999999463558197,0.0,6.7644704,0.838834226,6.8380394,0.90127015,0.37477586,0.30149898,0.07327688,26.863555662279914,1.968477474880517,11.941904524108729,5.861176e-05
0.8,0.02,-0.23999999463558197,0.0,6.7644704,0.838834226,6.838032,0.9014319,0.3747656,0.30153388,0.07323173,26.863368925773308,1.96725089637898,11.942288876888778,5.9172206e-05
0.8,0.02,-0.23999999463558197,0.5,6.7644704,0.838834226,6.76447,0.83883417,0.28752127,0.2875212,5.9604645e-08,29.992255445678197,1.787677731852424e-06,5.432319447753258,0.0516287
0.8,0.02,-0.23999999463558197,0.5,6.7644704,0.838834226,6.7565713,0.8687284,0.27867156,0.29433754,-0.015665978,28.193130727211898,0.4416729711728808,12.901010649602267,0.006731817
0.8,0.02,-0.23999999463558197,0.5,6.7644704,0.838834226,6.7929745,0.9040149,0.32029277,0.30209073,0.018202037,26.697036146919626,0.4859404295699741,12.484567649289172,0.0064879144
0.8,0.02,-0.23999999463558197,0.5,6.7644704,0.838834226,6.804288,0.9523314,0.33366227,0.3121957,0.021466583,25.453087352057008,0.5463908125936779,12.51547623556759,0.0034542005
0.8,0.02,-0.23999999463558197,0.5,6.7644704,0.838834226,6.8117986,0.9511596,0.34264976,0.3119576,0.03069216,25.007880585033067,0.7675458754164274,12.627431215055413,0.0007031191
0.8,0.02,-0.23999999463558197,0.5,6.7644704,0.838834226,6.8128104,0.94219697,0.3438657,0.31012496,0.03374073,25.171975766839726,0.8493208150983859,12.595419280857378,0.0005283997
0.8,0.02,-0.23999999463558197,0.5,6.7644704,0.838834226,6.812866,0.948441,0.34393373,0.3114038,0.03252992,25.305191680686388,0.8231758695506408,12.61808517943599,0.000724038
0.8,0.02,-0.23999999463558197,0.5,6.7644704,0.838834226,6.8123035,0.93424815,0.3432551,0.3084827,0.034772396,25.489612997544924,0.8863349192714541,12.5771251579655,0.00038548163
0.8,0.02,-0.23999999463558197,0.5,6.7644704,0.838834226,6.8110213,0.9385503,0.34171435,0.30937353,0.032340825,25.525840605222168,0.8255267338840301,12.571937413289675,0.00022887939
0.8,0.02,-0.23999999463558197,0.5,6.7644704,0.838834226,6.8112726,0.9374832,0.3420123,0.30915302,0.032859266,25.52700952770202,0.8387987912594237,12.576027903053351,0.00017600345
0.8,0.02,-0.23999999463558197,0.5,6.7644704,0.838834226,6.810875,0.9365532,0.34153748,0.30896056,0.03257692,25.51644700977373,0.8312472172493836,12.569066673086699,0.00012912728
0.8,0.02,-0.23999999463558197,0.5,6.7644704,0.838834226,6.8110743,0.939301,0.34177744,0.3095285,0.032248944,25.49154683239024,0.822075467395643,12.578628083073319,2.3787512e-05
0.8,0.02,-0.23999999463558197,0.5,6.7644704,0.838834226,6.811207,0.9373943,0.34193552,0.30913463,0.032800883,25.49426322306474,0.8362343465463339,12.575338566332835,2.9156565e-05
0.8,0.02,-0.23999999463558197,0.5,6.7644704,0.838834226,6.811119,0.93871105,0.34183228,0.30940673,0.032425553,25.488547421143178,0.8264802352696544,12.577798055708158,4.172947e-05
0.8,0.02,-0.23999999463558197,0.5,6.7644704,0.838834226,6.811241,0.9381283,0.34197566,0.30928636,0.032689303,25.493155163064316,0.8333534776230311,12.577174762085058,3.7024955e-05
0.8,0.02,-0.23999999463558197,0.5,6.7644704,0.838834226,6.8111563,0.9380255,0.34187415,0.30926514,0.032609016,25.495698567903748,0.8313896349648601,12.575882089586042,2.7221711e-05
0.8,0.02,-0.23999999463558197,0.5,6.7644704,0.838834226,6.8111835,0.93835825,0.34190634,0.30933386,0.032572478,25.495440606720226,0.8304496796892726,12.576969497932666,2.1642873e-05
0.8,0.02,-0.23999999463558197,0.5,6.7644704,0.838834226,6.8111763,0.93792415,0.3418993,0.30924416,0.03265515,25.49809907700476,0.8326442423805904,12.575683167093956,1.5713329e-05
0.8,0.02,-0.23999999463558197,0.5,6.7644704,0.838834226,6.811153,0.9382751,0.34187144,0.3093167,0.032554746,25.496888374779424,0.8300447165227101,12.576353518689693,1.5888569e-05
0.8,0.02,-0.23999999463558197,0.5,6.7644704,0.838834226,6.8111773,0.9380802,0.34189987,0.3092764,0.03262347,25.498150285190217,0.8318381365384726,12.576077996310094,1.733396e-05
0.8,0.02,-0.23999999463558197,0.5,6.7644704,0.838834226,6.8111553,0.93812674,0.34187296,0.30928603,0.032586932,25.49835709102226,0.830913233285517,12.5758974389855,1.6361866e-05
0.8,0.02,-0.23999999463558197,1.0,6.7644704,0.838834226,6.76447,0.83883417,0.28752127,0.2875212,5.9604645e-08,29.99196278363864,1.787660287835517e-06,5.432977520145137,0.051234193
0.8,0.02,-0.23999999463558197,1.0,6.7644704,0.838834226,6.7084565,0.8888951,0.22677046,0.2988073,-0.07203683,27.77116634744165,2.0005468604728676,13.47330785833702,0.008504534
0.8,0.02,-0.23999999463558197,1.0,6.7644704,0.838834226,6.7627234,0.92663455,0.28556773,0.30689475,-0.021327019,25.705195345692587,0.5482151827962144,13.045741961447924,0.00823686
0.8,0.02,-0.23999999463558197,1.0,6.7644704,0.838834226,6.7732286,0.9934024,0.29747662,0.32032347,-0.022846848,23.95402230774666,0.547273901206511,13.15675294184389,0.004552448
0.8,0.02,-0.23999999463558197,1.0,6.7644704,0.838834226,6.781942,0.9943653,0.30748206,0.32050893,-0.013026863,23.245331700285497,0.3028137592726974,13.365003816204009,0.00084076053
0.8,0.02,-0.23999999463558197,1.0,6.7644704,0.838834226,6.7844205,0.9856349,0.3103445,0.3188187,-0.008474201,23.361419554403824,0.19796936410772992,13.327363685574845,0.00049032766
0.8,0.02,-0.23999999463558197,1.0,6.7644704,0.838834226,6.7849245,0.99300635,0.31092876,0.32024708,-0.009318322,23.49888961392606,0.2189702187322341,13.371809757608169,0.0008527416
0.8,0.02,-0.23999999463558197,1.0,6.7644704,0.838834226,6.7850904,0.97697085,0.31111702,0.31712246,-0.006005436,23.768689021110248,0.14274134504660682,13.319843093734857,0.0006725327
0.8,0.02,-0.23999999463558197,1.0,6.7644704,0.838834226,6.783413,0.9783591,0.30917352,0.31739554,-0.008222014,23.87601629820451,0.19630893339008545,13.292021818179336,0.0003148204
0.8,0.02,-0.23999999463558197,1.0,6.7644704,0.838834226,6.7834287,0.978398,0.30919102,0.3174032,-0.008212179,23.907140697378164,0.19632971748310446,13.292311582407404,0.00016604806
0.8,0.02,-0.23999999463558197,1.0,6.7644704,0.838834226,6.782957,0.9751303,0.3086456,0.3167597,-0.0081140995,23.923391112356757,0.19411677592440546,13.275736744410391,0.00010001048
0.8,0.02,-0.23999999463558197,1.0,6.7644704,0.838834226,6.7828507,0.97905326,0.30852127,0.31753188,-0.009010613,23.889317646779812,0.21525739530424146,13.291212465350938,6.958403e-05
0.8,0.02,-0.23999999463558197,1.0,6.7644704,0.838834226,6.783118,0.97723746,0.30882987,0.31717497,-0.008345097,23.884881486421474,0.1993216600841376,13.290144821264334,7.282342e-05
0.8,0.02,-0.23999999463558197,1.0,6.7644704,0.838834226,6.7829614,0.9781437,0.30865034,0.3173532,-0.008702844,23.874623206193128,0.20777713042644594,13.292077812665166,6.021407e-05
0.8,0.02,-0.23999999463558197,1.0,6.7644704,0.838834226,6.783136,0.9785221,0.3088523,0.31742755,-0.008575261,23.870969715898564,0.20469978702405753,13.29550041936577,4.8309153e-05
0.8,0.02,-0.23999999463558197,1.0,6.7644704,0.838834226,6.7831078,0.9776887,0.30882058,0.31726372,-0.008443147,23.87649234314197,0.20159273336153732,13.292010435957131,4.5717003e-05
0.8,0.02,-0.23999999463558197,1.0,6.7644704,0.838834226,6.783084,0.9784168,0.3087921,0.3174069,-0.0086147785,23.874823445587275,0.20567631615624546,13.293929314180573,4.595626e-05
0.8,0.02,-0.23999999463558197,1.0,6.7644704,0.838834226,6.783133,0.97790706,0.30884975,0.31730667,-0.008456916,23.878937263452467,0.20194215746039498,13.292451993799101,4.6327485e-05
0.8,0.02,-0.23999999463558197,1.0,6.7644704,0.838834226,6.783076,0.97802955,0.30878383,0.31733072,-0.008546889,23.879470887899583,0.20409518295696882,13.292047684441002,4.6434307e-05
0.8,0.02,-0.23999999463558197,1.0,6.7644704,0.838834226,6.7831,0.97813886,0.3088118,0.31735224,-0.008540422,23.879632934000323,0.20394213587831075,13.292640094969453,4.6014462e-05
0.8,0.02,-0.23999999463558197,1.0,6.7644704,0.838834226,6.7830925,0.97790664,0.30880138,0.31730658,-0.008505195,23.881305965049748,0.20311517314456856,13.29163964451098,4.640554e-05
0.8,0.3,-0.21899999678134918,0.0,6.7644704,0.838834226,6.76447,0.83883417,0.28752127,0.2875212,5.9604645e-08,29.98294400481298,1.7871227267273055e-06,5.358135999935719,0.07414871
0.8,0.3,-0.21899999678134918,0.0,6.7644704,0.838834226,6.7915845,0.8905569,0.31865686,0.29917097,0.01948589,28.175759056637116,0.5490297660253495,3.4696900073377073,0.004140941
0.8,0.3,-0.21899999678134918,0.0,6.7644704,0.838834226,6.7915854,0.8905671,0.3186596,0.29917324,0.019486368,28.180730760574253,0.5491400817252552,3.4704093417889297,0.004158647
0.8,0.3,-0.21899999678134918,0.5,6.7644704,0.838834226,6.76447,0.83883417,0.28752127,0.2875212,5.9604645e-08,29.9826267567824,1.7871038172711371e-06,5.358552939357757,0.07296353
0.8,0.3,-0.21899999678134918,0.5,6.7644704,0.838834226,6.782262,0.89386755,0.30782077,0.2998935,0.007927269,27.96416759261394,0.221679471695344,3.524577742648397,0.0009702984
0.8,0.3,-0.21899999678134918,0.5,6.7644704,0.838834226,6.782263,0.8938826,0.30782077,0.29989678,0.0079239905,27.9687867832286,0.22162440043266823,3.5228385529284694,0.0009783442
0.8,0.3,-0.21899999678134918,1.0,6.7644704,0.838834226,6.76447,0.83883417,0.28752127,0.2875212,5.9604645e-08,29.982309129680637,1.7870848852205656e-06,5.358970423242063,0.07177901
0.8,0.3,-0.21899999678134918,1.0,6.7644704,0.838834226,6.773412,0.8986733,0.29766145,0.30093735,-0.003275901,27.40011844026599,0.08976007756806845,3.5396839286963733,0.0029927848
0.8,0.3,-0.21899999678134918,1.0,6.7644704,0.838834226,6.7734137,0.8986921,0.29766318,0.3009414,-0.0032782257,27.404074856703208,0.08983674139268685,3.5369481599449024,0.002993574
0.8,0.116,-0.13600000739097595,0.0,6.7644704,0.838834226,6.76447,0.83883417,0.28752127,0.2875212,5.9604645e-08,29.990065314522173,1.7875471898628576e-06,5.407743865089046,0.058169946
0.8,0.116,-0.13600000739097595,0.0,6.7644704,0.838834226,6.788788,0.83924425,0.31539285,0.28761625,0.027776599,29.762319413423853,0.8266960095839085,5.117484360408461,0.001012553
0.8,0.116,-0.13600000739097595,0.0,6.7644704,0.838834226,6.7887917,0.8392509,0.3153963,0.2876178,0.027778506,29.766352913749987,0.8268648213172869,5.116651624578328,0.0010146468
0.8,0.116,-0.13600000739097595,0.5,6.7644704,0.838834226,6.76447,0.83883417,0.28752127,0.2875212,5.9604645e-08,29.989789843508536,1.7875307705109439e-06,5.408291244185413,0.057425216
0.8,0.116,-0.13600000739097595,0.5,6.7644704,0.838834226,6.777765,0.8501642,0.30264267,0.29013145,0.012511224,29.392790822406354,0.3677397768730505,5.161308968345846,0.00018669509
0.8,0.116,-0.13600000739097595,0.5,6.7644704,0.838834226,6.777765,0.85019207,0.30264217,0.29013783,0.012504339,29.39638100774264,0.3675823199064918,5.16120528356339,0.00019519014
0.8,0.116,-0.13600000739097595,1.0,6.7644704,0.838834226,6.76447,0.83883417,0.28752127,0.2875212,5.9604645e-08,29.98951403586826,1.787514331094519e-06,5.408838082871682,0.056680936
0.8,0.116,-0.13600000739097595,1.0,6.7644704,0.838834226,6.766844,0.8614481,0.29019997,0.2926985,-0.0024985373,28.915752469527174,0.07224708616100996,5.241977378143133,0.00058825884
0.8,0.116,-0.13600000739097595,1.0,6.7644704,0.838834226,6.7668447,0.86150193,0.29020175,0.2927107,-0.0025089383,28.919757503432283,0.07255788758945317,5.238345157779431,0.00059484784
