Capillary Pressure,NW Saturation,W Saturation
0.2985106111,0.9999944217,0.000005578283964
-0.1191738248,0.9987850498,0.001214950247
-0.1679500937,0.9958374845,0.004162515494
-0.2232605815,0.9903796915,0.009620308524
-0.2484554648,0.9819129721,0.01808702792
-0.2479167581,0.9671717989,0.03282820113
-0.274969101,0.9495154145,0.05048458553
-0.2827262878,0.9285154067,0.07148459334
-0.288613677,0.9024971746,0.0975028254
-0.3184002638,0.8776057559,0.1223942441
-0.3480638862,0.854726982,0.145273018
-0.363432169,0.8346897861,0.1653102139
-0.3692752719,0.8162334757,0.1837665243
-0.3715559244,0.7985090363,0.2014909637
-0.3668977618,0.7801430941,0.2198569059
-0.370195508,0.7638076474,0.2361923526
-0.3679234385,0.7470750268,0.2529249732
-0.3633282781,0.7301348941,0.2698651059
-0.3567567468,0.7124718157,0.2875281843
-0.3525553346,0.6951858294,0.3048141706
-0.349365294,0.6776856369,0.3223143631
-0.3416949511,0.6588890513,0.3411109487
-0.3284339309,0.6380195753,0.3619804247
-0.321387291,0.6173252575,0.3826747425
-0.3124576807,0.5941943452,0.4058056548
-0.2963808775,0.56657403,0.43342597
-0.2829527259,0.5375624907,0.4624375093
-0.276184082,0.508754001,0.491245999
-0.273037374,0.4812106661,0.5187893339
-0.2691386938,0.4542329692,0.5457670308
-0.272331655,0.4315349318,0.5684650682
-0.2614469528,0.4056204558,0.5943795442
-0.244574368,0.3790522049,0.6209477951
-0.233294487,0.3569488126,0.6430511874
-0.2238174081,0.3372820146,0.6627179854
-0.2079375982,0.3189216508,0.6810783492
-0.2016364932,0.3067063245,0.6932936755
-0.1979332566,0.2988163997,0.7011836003
-0.1957082152,0.2933798042,0.7066201958
-0.1960353255,0.2891827033,0.7108172967
-0.1957722306,0.2854988046,0.7145011954
-0.1957079172,0.2823069105,0.7176930895
-0.1964629889,0.2796148306,0.7203851694
-0.1974029541,0.2772306721,0.7227693279
-0.1999214888,0.2753719879,0.7246280121
-0.2000421882,0.2731406743,0.7268593257
-0.2004360557,0.2710711309,0.7289288691
-0.200178206,0.2689089881,0.7310910119
-0.200691402,0.2669733235,0.7330266765
-0.2027019858,0.2652195111,0.7347804889
-0.2029868364,0.2632749213,0.7367250787
-0.2012042999,0.2610692678,0.7389307322
-0.2021043301,0.2594961917,0.7405038083
-0.2033256888,0.2580603414,0.7419396586
-0.2044171095,0.256634532,0.743365468
-0.2038034797,0.2549141893,0.7450858107
-0.203176856,0.2532451667,0.7467548333
-0.2016106248,0.2513942921,0.7486057079
-0.2025719285,0.2500655448,0.7499344552
-0.2043275833,0.2488807173,0.7511192827
-0.2053627372,0.2475910181,0.7524089819
-0.2066512704,0.2463827618,0.7536172382
-0.2083823681,0.2452938807,0.7547061193
-0.2095141411,0.2441023593,0.7558976407
-0.2107703686,0.242926457,0.757073543
-0.2120804787,0.2417773305,0.7582226695
-0.2116820216,0.2402912757,0.7597087243
-0.2102966905,0.2386256001,0.7613743999
-0.2095912099,0.2370926877,0.7629073123
-0.2111507654,0.2360149632,0.7639850368
-0.211689055,0.2347274953,0.7652725047
-0.2129235864,0.2335794844,0.7664205156
-0.2156085968,0.23272266,0.76727734
-0.2165930867,0.2315501047,0.7684498953
-0.2179812789,0.2304757272,0.7695242728
-0.2189433575,0.2293756896,0.7706243104
-0.2210299373,0.2284575041,0.7715424959
-0.2217724919,0.2273206498,0.7726793502
-0.2227583528,0.2262139183,0.7737860817
-0.2227962613,0.2249465321,0.7750534679
-0.2203460932,0.2232373459,0.7767626541
-0.2217010856,0.22221652,0.77778348
-0.2219492793,0.2209248359,0.7790751641
-0.220089674,0.2192165189,0.7807834811
-0.2177053094,0.2174560124,0.7825439876
-0.2186328769,0.2162622597,0.7837377403
-0.2206699848,0.2152615155,0.7847384845
-0.2212879062,0.2140220208,0.7859779792
-0.2188127041,0.2121923437,0.7878076563
-0.2207444906,0.2111592455,0.7888407545
-0.2217252254,0.2099822276,0.7900177724
-0.224901557,0.2091901113,0.7908098887
-0.2281178236,0.2083979949,0.7916020051
-0.2304059863,0.207455265,0.792544735
-0.231523633,0.206317295,0.793682705
-0.2335707545,0.2053622928,0.7946377072
-0.2359551787,0.2044831553,0.7955168447
-0.2378940582,0.2035248061,0.7964751939
-0.2385165691,0.2023477882,0.7976522118
-0.2376901507,0.2009320197,0.7990679803
-0.2382619977,0.1997583487,0.8002416513
-0.2383127809,0.1985155071,0.8014844929
-0.2380803823,0.19723808,0.80276192
-0.2375870347,0.1958814414,0.8041185586
-0.2382742763,0.1947523967,0.8052476033
-0.2393993735,0.193698101,0.806301899
-0.2387224436,0.1923269588,0.8076730412
-0.2376437187,0.1909178843,0.8090821157
-0.2380244732,0.1897375194,0.8102624806
-0.2397251725,0.1887546258,0.8112453742
-0.23829633,0.1872339856,0.8127660144
-0.2361747026,0.1856419433,0.8143580567
-0.2359648347,0.184358938,0.815641062
-0.2380280495,0.1834284803,0.8165715197
-0.2392011285,0.1823329053,0.8176670947
-0.2405636907,0.1812763783,0.8187236217
-0.2424482703,0.1803157978,0.8196842022
-0.2423388958,0.1790484117,0.8209515883
-0.2439203858,0.1780532458,0.8219467542
-0.2448054552,0.1769654805,0.8230345195
-0.2475316525,0.1761711328,0.8238288672
-0.2489782572,0.1751737357,0.8248262643
-0.2498502731,0.1741049364,0.8258950636
-0.2495276928,0.1728297407,0.8271702593
-0.246692121,0.1711529086,0.8288470914
-0.2464157939,0.169939074,0.830060926
-0.2476868629,0.1689673369,0.8310326631
-0.2496129274,0.1680335322,0.8319664678
-0.2517565489,0.1671287345,0.8328712655
-0.2535165548,0.1661581131,0.8338418869
-0.2531756163,0.1648795704,0.8351204296
-0.2528387308,0.1635619798,0.8364380202
-0.254973352,0.1626170185,0.8373829815
-0.2557139397,0.1614924364,0.8385075636
-0.2579491138,0.1606021423,0.8393978577
-0.2603581548,0.1597799032,0.8402200968
-0.2594394088,0.1584723535,0.8415276465
-0.2604088187,0.1574637997,0.8425362003
-0.2596127987,0.1561774474,0.8438225526
-0.2579898238,0.1547672573,0.8452327427
-0.259467721,0.1538468404,0.8461531596
-0.2573457956,0.1523563229,0.8476436771
-0.2557646632,0.1509104317,0.8490895683
-0.2559264302,0.1497044067,0.8502955933
-0.255068779,0.1483455368,0.8516544632
-0.2545864582,0.1470971168,0.8529028832
-0.2522471547,0.1455764766,0.8544235234
-0.2520488501,0.1443135531,0.8556864469
-0.2518197298,0.1430684801,0.8569315199
-0.2544705868,0.1422540507,0.8577459493
-0.2576001883,0.1415032136,0.8584967864
-0.2579956055,0.1404121013,0.8595878987
-0.2585371137,0.1393723092,0.8606276908
-0.2599983811,0.1384340418,0.8615659582
-0.2632402182,0.1377456816,0.8622543184
-0.2656908631,0.136980341,0.863019659
-0.2681021094,0.1362451232,0.8637548768
-0.2704972625,0.1355366811,0.8644633189
-0.2742353678,0.1350134381,0.8649865619
-0.276956737,0.1343685885,0.8656314115
-0.278464973,0.1335987853,0.8664012147
-0.2796900868,0.1327899341,0.8672100659
-0.2790058851,0.1317144409,0.8682855591
-0.2795524001,0.1308219155,0.8691780845
-0.2796505094,0.1298490628,0.8701509372
-0.2811214924,0.129068103,0.870931897
-0.2815964818,0.1281365296,0.8718634704
-0.2837071419,0.127455979,0.872544021
-0.2837838531,0.126506555,0.873493445
-0.2857400775,0.1258271201,0.8741728799
-0.2877033353,0.1251800391,0.8748199609
-0.2890635729,0.1244671344,0.8755328656
-0.290291965,0.1237475358,0.8762524642
-0.2892694473,0.1227389821,0.8772610179
-0.2891446948,0.1218152182,0.8781847818
-0.2884441614,0.1208222837,0.8791777163
-0.2872097492,0.1197612941,0.8802387059
-0.2881470919,0.1189546742,0.8810453258
-0.2882919312,0.1180364887,0.8819635113
-0.2872219682,0.1169688051,0.8830311949
-0.2870826125,0.1160149186,0.8839850814
-0.2859932184,0.1149762421,0.8850237579
-0.2858185172,0.1140904106,0.8859095894
-0.2862454653,0.113286022,0.886713978
-0.2878680229,0.1126121653,0.8873878347
-0.2859254479,0.1115411348,0.8884588652
-0.2871909142,0.1108572372,0.8891427628
-0.2904135585,0.1104120901,0.8895879099
-0.2916885614,0.1097650092,0.8902349908
-0.2931687832,0.1091491667,0.8908508333
-0.2958927751,0.1086861691,0.8913138309
-0.2970252037,0.1080268159,0.8919731841
-0.297434926,0.1072893668,0.8927106332
-0.2974122763,0.1065273732,0.8934726268
-0.2990303636,0.1059338438,0.8940661562
-0.3007989526,0.1053615118,0.8946384882
-0.3031547666,0.1048628133,0.8951371867
-0.3056376576,0.1043875435,0.8956124565
-0.3080803752,0.1039401651,0.8960598349
-0.3081676364,0.1032161038,0.8967838962
-0.3084388971,0.102523281,0.897476719
-0.3087648749,0.1018126076,0.8981873924
-0.3072870374,0.1009111569,0.8990888431
-0.3077265024,0.100225028,0.899774972
-0.3084769249,0.09955228693,0.9004477131
-0.3107843399,0.0990625136,0.9009374864
-0.3126404285,0.09853146096,0.901468539
-0.3128281236,0.09784867901,0.902151321
-0.3153862953,0.09743588599,0.902564114
-0.3159504533,0.0968289687,0.9031710313
-0.3176833987,0.09636373982,0.9036362602
-0.3190646172,0.0958349185,0.9041650815
-0.3198430538,0.09521907595,0.9047809241
-0.3207909465,0.09464339704,0.905356603
-0.3187209964,0.09369285745,0.9063071425
-0.3188120723,0.09297995276,0.9070200472
-0.3168911934,0.09204391671,0.9079560833
-0.3161302805,0.09125849433,0.9087415057
-0.3161805868,0.09052216085,0.9094778392
-0.3134503365,0.08936857173,0.9106314283
-0.3144554496,0.08837563718,0.9116243628
-0.3163645267,0.08783677495,0.9121632251
-0.3189476132,0.0874507577,0.9125492423
-0.3198700547,0.0869085485,0.9130914515
-0.3215751052,0.08647678932,0.9135232107
-0.3238693476,0.08609300338,0.9139069966
-0.3264487386,0.08577169423,0.9142283058
-0.3288905025,0.08545707901,0.914542921
-0.3303510547,0.08506213651,0.9149378635
-0.3311843276,0.08462145207,0.9153785479
-0.3333725333,0.08432134039,0.9156786596
-0.3353980184,0.08400337821,0.9159966218
-0.3373633027,0.08369210996,0.91630789
-0.3386025429,0.08330943968,0.9166905603
-0.3387592435,0.08282412898,0.917175871
-0.3373432755,0.08218485764,0.9178151424
-0.3339225054,0.08133695847,0.9186630415
-0.332090497,0.08065640783,0.9193435922
-0.3324339986,0.08018560066,0.9198143993
-0.3328151107,0.07968690208,0.9203130979
-0.3340038061,0.07927299341,0.9207270066
-0.3362640738,0.07895726254,0.9210427375
-0.3375472426,0.07854781649,0.9214521835
-0.3383588195,0.07811159469,0.9218884053
-0.3387288451,0.07762405267,0.9223759473